period,GHA – Exports of goods and services (% of GDP),NIG – Exports of goods and services (% of GDP),CHN – Annual Foreign direct investment, net inflows (% of GDP)
2014,28.2,18.43513,2.55760030508313
2015,33.8,10.6663096235135,2.19156480126449
2016,31.2,9.21810969990013,1.56151997957024
2017,33.9,13.17156,1.3
2018,35.5,15.49686,1.7
2019,37.4,14.22093,1.3
2020,31.5,8.11831,1.7
2021,30.1,10.73846,1.9 

# Add rest of data for plot.py and exports.py to reference 

